{
  "project_info": {
    "project_number": "445831719336",
    "firebase_url": "https://agrocart-45598.firebaseio.com",
    "project_id": "agrocart-45598",
    "storage_bucket": "agrocart-45598.appspot.com"
  },
  "client": [
    {
      "client_info": {
        "mobilesdk_app_id": "1:445831719336:android:16a29a6490446b1700559d",
        "android_client_info": {
          "package_name": "ssv.com.agrocart"
        }
      },
      "oauth_client": [
        {
          "client_id": "445831719336-eo59j3ir915fugupfhsqgp2vt4a0eicg.apps.googleusercontent.com",
          "client_type": 3
        }
      ],
      "api_key": [
        {
          "current_key": "AIzaSyDmAi_pAAMAZ414280JzoM3XAYjs8FF6Cc"
        }
      ],
      "services": {
        "appinvite_service": {
          "other_platform_oauth_client": [
            {
              "client_id": "445831719336-eo59j3ir915fugupfhsqgp2vt4a0eicg.apps.googleusercontent.com",
              "client_type": 3
            }
          ]
        }
      }
    }
  ],
  "configuration_version": "1"
}